use QLBH

SET DATEFORMAT dmy;
-- Nhập dữ liệu bảng NHÂN VIÊN--
INSERT INTO NHANVIEN(MANV, HOTEN, SODT, NGVL) 
VALUES ('NV01', 'Nguyen Nhu Nhut', '0927345678', '13/4/2006'),
	('NV02', 'Le Thi Phi Yen', '0987567390', '21/4/2006'),
	('NV03', 'Nguyen Van B', '0997047382', '27/4/2006'),
	('NV04', 'Ngo Thanh Tuan', '0913758498', '24/6/2006'),
	('NV05', 'Nguyen Thi Truc Thanh', '0918590387', '20/7/2006');
-- Nhập dữ liệu bảng KHÁCH HÀNG
ALTER TABLE KHACHHANG
DROP CONSTRAINT CHK_LOAIKH

ALTER TABLE KHACHHANG 
ALTER COLUMN LOAIKH varchar(15)
-- Nhập dữ liệu bảng KHÁCH HÀNG
INSERT INTO KHACHHANG(MAKH, HOTEN, DCHI, SODT, NGSINH, DOANHSO, NGDK, LOAIKH)
VALUES ('KH01', 'Nguyen Van A', '731 Tran Hung Dao, Q5, TpHCM', '08823451', '22/10/1960', '13,060,000', '22/07/2006', 'Vip'),
	('KH02', 'Tran Ngoc Han', '23/5 Nguyen Trai, Q5, TpHCM', '0908256478', '3/4/1974', '280,000', '30/07/2006', 'Vang lai'),
	('KH03', 'Tran Ngoc Linh', '45 Nguyen Canh Chan, Q1, TpHCM', '0938776266', '12/6/1980', '3,860,000', '05/08/2006', 'Thuong xuyen'),
	('KH04', 'Tran Minh Long', '50/34 Le Dai Hanh, Q10, TpHCM', '0917325476', '9/3/1965', '250,000', '02/10/2006', 'Vip'),
	('KH05', 'Le Nhat Minh', '34 Truong Dinh, Q3, TpHCM', '08246108', '10/3/1950', '21,000', '28/10/2006', 'Vang lai'),
	('KH06', 'Le Hoai Thuong', '227 Nguyen Van Cu, Q5, TpHCM', '08631738', '31/12/1981', '915,000', '24/11/2006', 'Thuong xuyen'),
	('KH07', 'Nguyen Van Tam', '32/3 Tran Binh Trong, Q5, TpHCM', '0916783565', '6/4/1971', '12,500', '01/12/2006', 'Vip'),
	('KH08', 'Phan Thi Thanh', '45/2 An Duong Vuong, Q5, TpHCM', '0938435756', '10/1/1971', '365,000', '13/12/2006', 'Vang lai'),
	('KH09', 'Le Ha Vinh', '873 Le Hong Phong, Q5, TpHCM', '08654763', '3/9/1979', '70,000', '14/01/2007', 'Thuong xuyen'),
	('KH10', 'Ha Duy Lap', '34/34B Nguyen Trai, Q1, TpHCM', '08768904', '2/5/1983', '67,500', '16/01/2007', 'Vip');
-- Nhập dữ liệu bảng SẢN PHẨM
INSERT INTO SANPHAM(MASP, TENSP, DVT, NUOCSX, GIA)
VALUES ('BC01', 'But chi', 'cay', 'Singapore', '3,000'),
	('BC02', 'But chi', 'cay', 'Singapore', '5,000'),
	('BC03', 'But chi', 'cay', 'Viet Nam', '3,500'),
	('BC04', 'But chi', 'hop', 'Viet Nam', '30,000'),
	('BB01', 'But bi', 'cay', 'Viet Nam', '5,000'),
	('BB02', 'But bi', 'cay', 'Trung Quoc', '7,000'),
	('BB03', 'But bi', 'hop', 'Thai Lan', '100,000'),
	('TV01', 'Tap 100 giay mong', 'quyen', 'Trung Quoc', '2,500'),
	('TV02', 'Tap 200 giay mong', 'quyen', 'Trung Quoc', '4,500'),
	('TV03', 'Tap 100 giay tot', 'quyen', 'Viet Nam', '3,000'),
	('TV04', 'Tap 200 giay tot', 'quyen', 'Viet Nam', '5,500'),
	('TV05', 'Tap 100 trang', 'chuc', 'Viet Nam', '23,000'),
	('TV06', 'Tap 200 trang', 'chuc', 'Viet Nam', '53,000'),
	('TV07', 'Tap 100 trang', 'chuc', 'Trung Quoc', '34,000'),
	('ST01', 'So tay 500 trang', 'quyen', 'Trung Quoc', '40,000'),
	('ST02', 'So tay loai 1', 'quyen', 'Viet Nam', '55,000'),
	('ST03', 'So tay loai 2', 'quyen', 'Viet Nam', '51,000'),
	('ST04', 'So tay', 'quyen', 'Thai Lan', '55,000'),
	('ST05', 'So tay mong', 'quyen', 'Thai Lan', '20,000'),
	('ST06', 'Phan viet bang', 'hop', 'Viet Nam', '5,000'),
	('ST07', 'Phan khong bui', 'hop', 'Viet Nam', '7,000'),
	('ST08', 'Bong bang', 'cai', 'Viet Nam', '1,000'),
	('ST09', 'But long', 'cay', 'Viet Nam', '5,000'),
	('ST10', 'But long', 'cay', 'Trung Quoc', '7,000');
-- Nhập dữ liệu bảng HÓA ĐƠN
INSERT INTO HOADON(SOHD, NGHD, MAKH, MANV, TRIGIA)
VALUES ('1001', '23/07/2006', 'KH01', 'NV01', '320,000'),
	('1002', '12/08/2006', 'KH01', 'NV02', '840,000'),
	('1003', '23/08/2006', 'KH02', 'NV01', '100,000'),
	('1004', '01/09/2006', 'KH02', 'NV01', '180,000'),
	('1005', '20/10/2006', 'KH01', 'NV02', '3,800,000'),
	('1006', '16/10/2006', 'KH01', 'NV03', '2,430,000'),
	('1007', '28/10/2006', 'KH03', 'NV03', '510,000'),
	('1008', '28/10/2006', 'KH01', 'NV03', '440,000'),
	('1009', '28/10/2006', 'KH03', 'NV04', '200,000'),
	('1010', '01/11/2006', 'KH01', 'NV01', '5,200,000'),
	('1011', '04/11/2006', 'KH04', 'NV03', '250,000'),
	('1012', '30/11/2006', 'KH05', 'NV03', '21,000'),
	('1013', '12/12/2006', 'KH06', 'NV01', '5,000'),
	('1014', '31/12/2006', 'KH03', 'NV02', '3,150,000'),
	('1015', '01/01/2007', 'KH06', 'NV01', '910,000'),
	('1016', '01/01/2007', 'KH07', 'NV02', '12,500'),
	('1017', '02/01/2007', 'KH08', 'NV03', '35,000'),
	('1018', '13/01/2007', 'KH08', 'NV03', '330,000'),
	('1019', '13/01/2007', 'KH01', 'NV03', '30,000'),
	('1020', '14/01/2007', 'KH09', 'NV04', '70,000'),
	('1021', '16/01/2007', 'KH10', 'NV03', '67,500'),
	('1022', '16/01/2007', Null, 'NV03', '7,000'),
	('1023', '17/01/2007', Null, 'NV01', '330,000');
-- Nhập dữ liệu bảng CTHD --
INSERT INTO CTHD(SOHD, MASP, SL)
VALUES ('1001', 'TV02', 10),
	('1001', 'ST01', 5),
	('1001', 'BC01', 5),
	('1001', 'BC02', 10),
	('1001', 'ST08', 10),
	('1002', 'BC04', 20),
	('1002', 'BB01', 20),
	('1002', 'BB02', 20),
	('1003', 'BB03', 10),
	('1004', 'TV01', 20),
	('1004', 'TV02', 10),
	('1004', 'TV03', 10),
	('1004', 'TV04', 10),
	('1005', 'TV05', 50),
	('1005', 'TV06', 50),
	('1006', 'TV07', 20),
	('1006', 'ST01', 30),
	('1006', 'ST02', 10),
	('1007', 'ST03', 10),
	('1008', 'ST04', 8),
	('1009', 'ST05', 10),
	('1010', 'TV07', 50),
	('1010', 'ST07', 50),
	('1010', 'ST08', 100),
	('1010', 'ST04', 50),
	('1010', 'TV03', 100),
	('1011', 'ST06', 50),
	('1012', 'ST07', 3),
	('1013', 'ST08', 5),
	('1014', 'BC02', 80),
	('1014', 'BB02', 100),
	('1014', 'BC04', 60),
	('1014', 'BB01', 50),
	('1015', 'BB02', 30),
	('1015', 'BB03', 7),
	('1016', 'TV01', 5),
	('1017', 'TV02', 1),
	('1017', 'TV03', 1),
	('1017', 'TV04', 5),
	('1018', 'ST04', 6),
	('1019', 'ST05', 1),
	('1019', 'ST06', 2),
	('1020', 'ST07', 10),
	('1021', 'ST08', 5),
	('1021', 'TV01', 7),
	('1021', 'TV02', 10),
	('1022', 'ST07', 1),
	('1023', 'ST04', 6);

/* Tạo quan hệ SANPHAM1 chứa toàn bộ dữ liệu của quan hệ SANPHAM. 
Tạo quan hệ KHACHHANG1 chứa toàn bộ dữ liệu của quan hệ KHACHHANG.*/
SELECT * INTO SANPHAM1
FROM SANPHAM
SELECT * INTO KHACHHANG1
FROM KHACHHANG
/*Cập nhật giá tăng 5% đối với những sản phẩm do “Thai Lan” sản xuất (cho quan hệ SANPHAM1)*/
UPDATE SANPHAM1
SET GIA = GIA + GIA * 0.05
WHERE NUOCSX = 'Thai Lan';
/*Cập nhật giá giảm 5% đối với những sản phẩm do “Trung Quoc” sản xuất có giá từ 10.000 trở xuống (cho quan hệ SANPHAM1).*/
UPDATE SANPHAM1
SET GIA = GIA - GIA * 0.05
WHERE NUOCSX = 'Trung Quoc' AND GIA <= 10000;
/*Cập nhật giá trị LOAIKH là “Vip” đối với những khách hàng đăng ký thành viên trước ngày 1/1/2007 có doanh số từ 10.000.000 trở lên 
hoặc khách hàng đăng ký thành viên từ 1/1/2007 trở về sau có doanh số từ 2.000.000 trở lên (cho quan hệ KHACHHANG1).*/
UPDATE KHACHHANG1
SET LOAIKH = 'Vip'
WHERE (NGDK < '1/1/2007' AND DOANHSO >= 10000000) OR (NGDK >= '1/1/2007' AND DOANHSO >= 2000000);
/*1. In ra danh sách các sản phẩm (MASP,TENSP) do “Trung Quoc” sản xuất.*/
SELECT MASP, TENSP
FROM SANPHAM1
WHERE NUOCSX = 'Trung Quoc'
/*2. In ra danh sách các sản phẩm (MASP, TENSP) có đơn vị tính là “cay”, ”quyen”.*/
SELECT MASP, TENSP
FROM SANPHAM1
WHERE DVT = 'cay' OR DVT = 'quyen'
/*3. In ra danh sách các sản phẩm (MASP,TENSP) có mã sản phẩm bắt đầu là “B” và kết thúc là “01”*/
SELECT MASP, TENSP
FROM SANPHAM1
WHERE LEFT(MASP, 1) = 'B' AND RIGHT(MASP, 2) = '01'
/*4. In ra danh sách các sản phẩm (MASP,TENSP) do “Trung Quốc” sản xuất có giá từ 30.000 đến 40.000.*/
SELECT MASP, TENSP
FROM SANPHAM1
WHERE (NUOCSX = 'Trung Quoc') AND (GIA BETWEEN 30000 AND 40000)
/*5. In ra danh sách các sản phẩm (MASP,TENSP) do “Trung Quoc” hoặc “Thai Lan” sản xuất có giá từ 30.000 đến 40.000.*/
SELECT MASP, TENSP
FROM SANPHAM1
WHERE (NUOCSX = 'Trung Quoc' OR NUOCSX = 'Thai Lan') AND (GIA BETWEEN 30000 AND 40000)
/*6. In ra các số hóa đơn, trị giá hóa đơn bán ra trong ngày 1/1/2007 và ngày 2/1/2007.*/
SELECT SOHD, TRIGIA
FROM HOADON
WHERE NGHD = '1/1/2007' OR NGHD = '2/1/2007'
/*7. In ra các số hóa đơn, trị giá hóa đơn trong tháng 1/2007, sắp xếp theo ngày (tăng dần) và trị giá của hóa đơn (giảm dần).*/
SELECT SOHD, TRIGIA
FROM HOADON
WHERE MONTH(NGHD) = 1 AND YEAR(NGHD) = 2007
ORDER BY NGHD ASC, TRIGIA DESC
/*8. In ra danh sách các khách hàng (MAKH, HOTEN) đã mua hàng trong ngày 1/1/2007.*/
SELECT KHACHHANG1.MAKH, HOTEN
FROM KHACHHANG1, HOADON
WHERE HOADON.NGHD = '1/1/2007' AND KHACHHANG1.MAKH = HOADON.MAKH
/*9. In ra số hóa đơn, trị giá các hóa đơn do nhân viên có tên “Nguyen Van B” lập trong ngày 28/10/2006.*/
SELECT HOADON.SOHD, HOADON.TRIGIA
FROM HOADON, NHANVIEN
WHERE HOADON.NGHD = '28/10/2006' AND NHANVIEN.HOTEN = 'Nguyen Van B' AND HOADON.MANV = NHANVIEN.MANV
/*10. In ra danh sách các sản phẩm (MASP,TENSP) được khách hàng có tên “Nguyen Van A” mua trong tháng 10/2006*/
SELECT SANPHAM1.MASP, SANPHAM1.TENSP
FROM SANPHAM1, KHACHHANG1, HOADON, CTHD
WHERE KHACHHANG1.HOTEN = 'Nguyen Van A' AND MONTH(HOADON.NGHD) = 10 AND YEAR(HOADON.NGHD) = 2006 AND HOADON.MAKH = KHACHHANG1.MAKH
AND CTHD.SOHD = HOADON.SOHD AND SANPHAM1.MASP = CTHD.MASP
/*11. Tìm các số hóa đơn đã mua sản phẩm có mã số “BB01” hoặc “BB02”*/
SELECT HOADON.SOHD
FROM HOADON, SANPHAM1, CTHD
WHERE (SANPHAM1.MASP = 'BB01' OR SANPHAM1.MASP = 'BB02') AND CTHD.MASP = SANPHAM1.MASP AND CTHD.SOHD = HOADON.SOHD